model,image,processing_time,cer,wer,similarity
tesseract,1.jpg,0.5540931224822998,0.4968553459119497,1.9166666666666667,0.1677762982689747
easyocr,1.jpg,4.217512130737305,0.5345911949685535,2.125,0.38231098430813126
trocr,1.jpg,4.63299560546875,0.989517819706499,3.933333333333333,0.004149377593360996
paddleocr,1.jpg,1.6449949741363525,0.49266247379454925,1.9583333333333333,0.3633841886269071
