model,image,processing_time,cer,wer,similarity
paddleocr,1.jpg,2.3790712356567383,0.06451612903225806,0.13846153846153847,0.7479674796747967
easyocr,1.jpg,2.4983437061309814,0.12096774193548387,0.4,0.8220338983050848
tesseract,1.jpg,0.4279775619506836,0.13709677419354838,0.49230769230769234,0.46360153256704983
